binary,rep,elapsed_s
base,1,51.592700
aff,1,49.687816
base,2,51.932779
aff,2,49.892287
base,3,51.668003
aff,3,49.985349
