binary,rep,elapsed_s
base,1,51.207111
prio,1,50.954594
base,2,51.378442
prio,2,50.979088
base,3,51.522938
prio,3,51.327995
