binary,rep,elapsed_s
new,1,50.654215
base,1,51.412419
new,2,51.826369
base,2,51.440935
new,3,52.412306
base,3,52.808615
