mode,rep,elapsed_s
1,1,48.094697
3,1,37.940446
1,2,49.513934
3,2,38.544350
1,3,50.107708
3,3,38.071671
