binary,rep,elapsed_s
9point,1,52.802005
4point,1,52.340241
9point,2,52.266388
4point,2,52.025748
9point,3,52.102151
4point,3,51.838226
